{"cameraMode":{"drawMode":1,"name":"Wireframe","section":"Shading Mode"},"sceneLighting":true,"audioPlay":false,"sceneViewState":{"showFog":true,"showMaterialUpdate":false,"showSkybox":true,"showFlares":true,"showImageEffects":true,"showParticleSystems":true},"in2DMode":false,"pivot":{"x":-9.602853775024414,"y":-1.0910940170288087,"z":-6.242787837982178},"rotation":{"x":0.019500616937875749,"y":-0.47703105211257937,"z":-0.010585613548755646,"w":-0.878614068031311},"size":0.02790069580078125,"orthographic":false}